<?xml version="1.0" encoding="UTF-8"?>
<?ConfigurationManagement MID="@(#)MID: XIPIFCGX.XML 1.6-0 11/11/03 
 EnvName=PLAENVY2 EnvVers=17.1-27 
 DelivName=CIDE00SX DelivVers=14.2-0 
 BuildName=PLASYSY2 BuildVers=17.1-27 #eod"?>
<!DOCTYPE ipData SYSTEM "XIPIFCGX.DTD">
<ipData>
	<ipUnit name='OMU' index='0'>
		<ipIf name='EL0' type='0' state='UP' dmxaddr='16386' MTU='1500'>
			<ip4Addr attr='136' mask='26' value='10.0.1.8'>
			</ip4Addr>
		</ipIf>
		<ipIf name='EL1' type='0' state='UP' dmxaddr='16386' MTU='1500'>
			<ip4Addr attr='136' mask='26' value='10.0.1.8'>
			</ip4Addr>
		</ipIf>
		<ipIf name='EMB0' type='9' state='UP' dmxaddr='16386' MTU='1500'>
			<ip4Addr attr='9' mask='24' value='10.200.200.1'>
			</ip4Addr>
			<ip4Addr attr='9' mask='23' value='10.200.206.1'>
			</ip4Addr>
			<ip4Addr attr='8' mask='29' value='10.200.202.1'>
			</ip4Addr>
			<ip4Addr attr='8' mask='29' value='10.200.202.17'>
			</ip4Addr>
			<ip4Addr attr='8' mask='29' value='10.200.202.33'>
			</ip4Addr>
		</ipIf>
		<ipIf name='EMB1' type='9' state='UP' dmxaddr='16386' MTU='1500'>
			<ip4Addr attr='9' mask='24' value='10.200.201.1'>
			</ip4Addr>
			<ip4Addr attr='9' mask='23' value='10.200.208.1'>
			</ip4Addr>
			<ip4Addr attr='8' mask='29' value='10.200.202.9'>
			</ip4Addr>
			<ip4Addr attr='8' mask='29' value='10.200.202.25'>
			</ip4Addr>
			<ip4Addr attr='8' mask='29' value='10.200.202.41'>
			</ip4Addr>
		</ipIf>
		<ipIf name='VLAN10' type='10' state='UP' dmxaddr='16386' MTU='1500'>
			<ipIfVlan device='EL0' vid='10' pri='0' cfi='0'>
			</ipIfVlan>
			<ip4Addr attr='0' mask='28' value='10.52.5.4'>
			</ip4Addr>
		</ipIf>
		<ipIf name='VLAN101' type='10' state='UP' dmxaddr='16386' MTU='1500'>
			<ipIfVlan device='EL1' vid='10' pri='0' cfi='0'>
			</ipIfVlan>
			<ip4Addr attr='0' mask='28' value='10.52.5.4'>
			</ip4Addr>
		</ipIf>
	</ipUnit>
	<ipUnit name='MCMU' index='0'>
		<ipIf name='EL0' type='0' state='UP' dmxaddr='16645' MTU='1500'>
			<ip4Addr attr='9' mask='24' value='10.1.1.1'>
			</ip4Addr>
			<ip4Addr attr='9' mask='29' value='10.1.4.1'>
			</ip4Addr>
		</ipIf>
		<ipIf name='EL1' type='0' state='UP' dmxaddr='16645' MTU='1500'>
			<ip4Addr attr='9' mask='24' value='10.1.1.1'>
			</ip4Addr>
			<ip4Addr attr='9' mask='29' value='10.1.5.1'>
			</ip4Addr>
		</ipIf>
		<ipIf name='EMB0' type='9' state='UP' dmxaddr='16645' MTU='1500'>
			<ip4Addr attr='9' mask='27' value='10.1.2.1'>
			</ip4Addr>
			<ip4Addr attr='9' mask='23' value='10.200.206.2'>
			</ip4Addr>
		</ipIf>
		<ipIf name='EMB1' type='9' state='UP' dmxaddr='16645' MTU='1500'>
			<ip4Addr attr='9' mask='27' value='10.1.3.1'>
			</ip4Addr>
			<ip4Addr attr='9' mask='23' value='10.200.208.2'>
			</ip4Addr>
		</ipIf>
		<ipIf name='VLAN200' type='10' state='UP' dmxaddr='16645' MTU='1500'>
			<ipIfVlan device='EL0' vid='20' pri='0' cfi='0'>
			</ipIfVlan>
			<ip4Addr attr='137' mask='26' value='10.0.1.7'>
			</ip4Addr>
		</ipIf>
		<ipIf name='VLAN201' type='10' state='UP' dmxaddr='16645' MTU='1500'>
			<ipIfVlan device='EL1' vid='20' pri='0' cfi='0'>
			</ipIfVlan>
			<ip4Addr attr='137' mask='26' value='10.0.1.7'>
			</ip4Addr>
		</ipIf>
	</ipUnit>
	<ipUnit name='MCMU' index='1'>
		<ipIf name='EL0' type='0' state='UP' dmxaddr='16645' MTU='1500'>
			<ip4Addr attr='9' mask='24' value='10.1.1.1'>
			</ip4Addr>
			<ip4Addr attr='9' mask='29' value='10.1.4.1'>
			</ip4Addr>
		</ipIf>
		<ipIf name='EL1' type='0' state='UP' dmxaddr='16645' MTU='1500'>
			<ip4Addr attr='9' mask='24' value='10.1.1.1'>
			</ip4Addr>
			<ip4Addr attr='9' mask='29' value='10.1.5.1'>
			</ip4Addr>
		</ipIf>
		<ipIf name='EMB0' type='9' state='UP' dmxaddr='16645' MTU='1500'>
			<ip4Addr attr='9' mask='27' value='10.1.2.1'>
			</ip4Addr>
			<ip4Addr attr='9' mask='23' value='10.200.206.2'>
			</ip4Addr>
		</ipIf>
		<ipIf name='EMB1' type='9' state='UP' dmxaddr='16645' MTU='1500'>
			<ip4Addr attr='9' mask='27' value='10.1.3.1'>
			</ip4Addr>
			<ip4Addr attr='9' mask='23' value='10.200.208.2'>
			</ip4Addr>
		</ipIf>
		<ipIf name='VLAN200' type='10' state='UP' dmxaddr='16645' MTU='1500'>
			<ipIfVlan device='EL0' vid='20' pri='0' cfi='0'>
			</ipIfVlan>
			<ip4Addr attr='137' mask='26' value='10.0.1.7'>
			</ip4Addr>
		</ipIf>
		<ipIf name='VLAN201' type='10' state='UP' dmxaddr='16645' MTU='1500'>
			<ipIfVlan device='EL1' vid='20' pri='0' cfi='0'>
			</ipIfVlan>
			<ip4Addr attr='137' mask='26' value='10.0.1.7'>
			</ip4Addr>
		</ipIf>
	</ipUnit>
	<ipUnit name='BCSU' index='0'>
		<ipIf name='EL0' type='0' state='UP' dmxaddr='16730' MTU='1500'>
		</ipIf>
		<ipIf name='EL1' type='0' state='UP' dmxaddr='16730' MTU='1500'>
		</ipIf>
		<ipIf name='VLAN30' type='10' state='UP' dmxaddr='16730' MTU='1500'>
			<ipIfVlan device='EL0' vid='30' pri='0' cfi='0'>
			</ipIfVlan>
		</ipIf>
		<ipIf name='VLAN31' type='10' state='UP' dmxaddr='16730' MTU='1500'>
			<ipIfVlan device='EL1' vid='31' pri='0' cfi='0'>
			</ipIfVlan>
		</ipIf>
		<ipIf name='VLAN410' type='10' state='UP' dmxaddr='16730' MTU='1500'>
			<ipIfVlan device='EL0' vid='41' pri='0' cfi='0'>
			</ipIfVlan>
		</ipIf>
		<ipIf name='VLAN411' type='10' state='UP' dmxaddr='16730' MTU='1500'>
			<ipIfVlan device='EL1' vid='41' pri='0' cfi='0'>
			</ipIfVlan>
		</ipIf>
		<ipIf name='VLAN420' type='10' state='UP' dmxaddr='16730' MTU='1500'>
			<ipIfVlan device='EL0' vid='42' pri='0' cfi='0'>
			</ipIfVlan>
		</ipIf>
		<ipIf name='VLAN421' type='10' state='UP' dmxaddr='16730' MTU='1500'>
			<ipIfVlan device='EL1' vid='42' pri='0' cfi='0'>
			</ipIfVlan>
		</ipIf>
		<ipPiu name='PCU' index='4'>
			<ipIf name='IFETH0' type='0' state='UP' dmxaddr='16730' MTU='1500'>
			</ipIf>
			<ipIf name='IFETH1' type='0' state='UP' dmxaddr='16730' MTU='1500'>
			</ipIf>
			<ipIf name='VLAN22' type='10' state='UP' dmxaddr='16730' MTU='1500'>
				<ipIfVlan device='IFETH0' vid='22' pri='0' cfi='0'>
				</ipIfVlan>
			</ipIf>
		</ipPiu>
	</ipUnit>
	<ipUnit name='BCSU' index='1'>
		<ipIf name='EL0' type='0' state='UP' dmxaddr='16732' MTU='1500'>
		</ipIf>
		<ipIf name='EL1' type='0' state='UP' dmxaddr='16732' MTU='1500'>
		</ipIf>
		<ipIf name='VLAN30' type='10' state='UP' dmxaddr='16732' MTU='1500'>
			<ipIfVlan device='EL0' vid='30' pri='0' cfi='0'>
			</ipIfVlan>
		</ipIf>
		<ipIf name='VLAN31' type='10' state='UP' dmxaddr='16732' MTU='1500'>
			<ipIfVlan device='EL1' vid='31' pri='0' cfi='0'>
			</ipIfVlan>
		</ipIf>
		<ipIf name='VLAN410' type='10' state='UP' dmxaddr='16732' MTU='1500'>
			<ipIfVlan device='EL0' vid='41' pri='0' cfi='0'>
			</ipIfVlan>
		</ipIf>
		<ipIf name='VLAN411' type='10' state='UP' dmxaddr='16732' MTU='1500'>
			<ipIfVlan device='EL1' vid='41' pri='0' cfi='0'>
			</ipIfVlan>
		</ipIf>
		<ipIf name='VLAN420' type='10' state='UP' dmxaddr='16732' MTU='1500'>
			<ipIfVlan device='EL0' vid='42' pri='0' cfi='0'>
			</ipIfVlan>
		</ipIf>
		<ipIf name='VLAN421' type='10' state='UP' dmxaddr='16732' MTU='1500'>
			<ipIfVlan device='EL1' vid='42' pri='0' cfi='0'>
			</ipIfVlan>
		</ipIf>
		<ipPiu name='PCU' index='4'>
			<ipIf name='IFETH0' type='0' state='UP' dmxaddr='16732' MTU='1500'>
			</ipIf>
			<ipIf name='IFETH1' type='0' state='UP' dmxaddr='16732' MTU='1500'>
			</ipIf>
			<ipIf name='VLAN22' type='10' state='UP' dmxaddr='16732' MTU='1500'>
				<ipIfVlan device='IFETH0' vid='22' pri='0' cfi='0'>
				</ipIfVlan>
			</ipIf>
		</ipPiu>
	</ipUnit>
	<ipUnit name='BCSU' index='2'>
		<ipIf name='EL0' type='0' state='UP' dmxaddr='16731' MTU='1500'>
		</ipIf>
		<ipIf name='EL1' type='0' state='UP' dmxaddr='16731' MTU='1500'>
		</ipIf>
		<ipIf name='VLAN30' type='10' state='UP' dmxaddr='16731' MTU='1500'>
			<ipIfVlan device='EL0' vid='30' pri='0' cfi='0'>
			</ipIfVlan>
		</ipIf>
		<ipIf name='VLAN31' type='10' state='UP' dmxaddr='16731' MTU='1500'>
			<ipIfVlan device='EL1' vid='31' pri='0' cfi='0'>
			</ipIfVlan>
		</ipIf>
		<ipIf name='VLAN410' type='10' state='UP' dmxaddr='16731' MTU='1500'>
			<ipIfVlan device='EL0' vid='41' pri='0' cfi='0'>
			</ipIfVlan>
		</ipIf>
		<ipIf name='VLAN411' type='10' state='UP' dmxaddr='16731' MTU='1500'>
			<ipIfVlan device='EL1' vid='41' pri='0' cfi='0'>
			</ipIfVlan>
		</ipIf>
		<ipIf name='VLAN420' type='10' state='UP' dmxaddr='16731' MTU='1500'>
			<ipIfVlan device='EL0' vid='42' pri='0' cfi='0'>
			</ipIfVlan>
		</ipIf>
		<ipIf name='VLAN421' type='10' state='UP' dmxaddr='16731' MTU='1500'>
			<ipIfVlan device='EL1' vid='42' pri='0' cfi='0'>
			</ipIfVlan>
		</ipIf>
		<ipPiu name='PCU' index='4'>
			<ipIf name='IFETH0' type='0' state='UP' dmxaddr='16731' MTU='1500'>
			</ipIf>
			<ipIf name='IFETH1' type='0' state='UP' dmxaddr='16731' MTU='1500'>
			</ipIf>
			<ipIf name='VLAN22' type='10' state='UP' dmxaddr='16731' MTU='1500'>
				<ipIfVlan device='IFETH0' vid='22' pri='0' cfi='0'>
				</ipIfVlan>
			</ipIf>
		</ipPiu>
	</ipUnit>
	<ipUnit name='BCSU' index='65535'>
		<ipIf name='EL0' type='0' state='UP' dmxaddr='16730'>
			<ip4Addr attr='393' mask='26' value='10.0.1.1'>
			</ip4Addr>
		</ipIf>
		<ipIf name='EL1' type='0' state='UP' dmxaddr='16730'>
			<ip4Addr attr='393' mask='26' value='10.0.1.1'>
			</ip4Addr>
		</ipIf>
		<ipIf name='VLAN30' type='10' state='UP' dmxaddr='16730'>
			<ip4Addr attr='1' mask='28' value='10.52.5.21'>
			</ip4Addr>
		</ipIf>
		<ipIf name='VLAN31' type='10' state='UP' dmxaddr='16730'>
			<ip4Addr attr='1' mask='28' value='10.52.5.37'>
			</ip4Addr>
		</ipIf>
		<ipIf name='VLAN410' type='10' state='UP' dmxaddr='16730'>
			<ip4Addr attr='1' mask='28' value='10.52.5.70'>
			</ip4Addr>
		</ipIf>
		<ipIf name='VLAN411' type='10' state='UP' dmxaddr='16730'>
			<ip4Addr attr='1' mask='28' value='10.52.5.70'>
			</ip4Addr>
		</ipIf>
		<ipIf name='VLAN420' type='10' state='UP' dmxaddr='16730'>
			<ip4Addr attr='1' mask='28' value='10.52.5.86'>
			</ip4Addr>
		</ipIf>
		<ipIf name='VLAN421' type='10' state='UP' dmxaddr='16730'>
			<ip4Addr attr='1' mask='28' value='10.52.5.86'>
			</ip4Addr>
		</ipIf>
		<ipPiu name='PCU' index='4'>
			<ipIf name='IFETH0' type='0' state='UP' dmxaddr='16730'>
				<ip4Addr attr='1' mask='25' value='10.52.5.142'>
				</ip4Addr>
			</ipIf>
			<ipIf name='IFETH1' type='0' state='UP' dmxaddr='16730'>
				<ip4Addr attr='1' mask='25' value='10.52.5.142'>
				</ip4Addr>
			</ipIf>
			<ipIf name='VLAN22' type='10' state='UP' dmxaddr='16730'>
				<ip4Addr attr='9' mask='24' value='10.0.2.17'>
					<ipTag tag='PEP'>
					</ipTag>
				</ip4Addr>
			</ipIf>
		</ipPiu>
		<ipIf name='EL0' type='0' state='UP' dmxaddr='16732'>
			<ip4Addr attr='393' mask='26' value='10.0.1.2'>
			</ip4Addr>
		</ipIf>
		<ipIf name='EL1' type='0' state='UP' dmxaddr='16732'>
			<ip4Addr attr='393' mask='26' value='10.0.1.2'>
			</ip4Addr>
		</ipIf>
		<ipIf name='VLAN30' type='10' state='UP' dmxaddr='16732'>
			<ip4Addr attr='1' mask='28' value='10.52.5.22'>
			</ip4Addr>
		</ipIf>
		<ipIf name='VLAN31' type='10' state='UP' dmxaddr='16732'>
			<ip4Addr attr='1' mask='28' value='10.52.5.38'>
			</ip4Addr>
		</ipIf>
		<ipIf name='VLAN410' type='10' state='UP' dmxaddr='16732'>
			<ip4Addr attr='1' mask='28' value='10.52.5.69'>
			</ip4Addr>
		</ipIf>
		<ipIf name='VLAN411' type='10' state='UP' dmxaddr='16732'>
			<ip4Addr attr='1' mask='28' value='10.52.5.69'>
			</ip4Addr>
		</ipIf>
		<ipIf name='VLAN420' type='10' state='UP' dmxaddr='16732'>
			<ip4Addr attr='1' mask='28' value='10.52.5.85'>
			</ip4Addr>
		</ipIf>
		<ipIf name='VLAN421' type='10' state='UP' dmxaddr='16732'>
			<ip4Addr attr='1' mask='28' value='10.52.5.85'>
			</ip4Addr>
		</ipIf>
		<ipPiu name='PCU' index='4'>
			<ipIf name='IFETH0' type='0' state='UP' dmxaddr='16732'>
				<ip4Addr attr='1' mask='25' value='10.52.5.137'>
				</ip4Addr>
			</ipIf>
			<ipIf name='IFETH1' type='0' state='UP' dmxaddr='16732'>
				<ip4Addr attr='1' mask='25' value='10.52.5.137'>
				</ip4Addr>
			</ipIf>
			<ipIf name='VLAN22' type='10' state='UP' dmxaddr='16732'>
				<ip4Addr attr='9' mask='24' value='10.0.2.12'>
					<ipTag tag='PEP'>
					</ipTag>
				</ip4Addr>
			</ipIf>
		</ipPiu>
	</ipUnit>
	<ipUnit name='ETPA' index='0'>
		<ipIf name='BOND0' type='11' state='UP' dmxaddr='20483' MTU='1500'>
			<ipIfBond slave1='IL0' slave2='IL1' pri=' ' fmacMode='0'>
			</ipIfBond>
			<ip4Addr attr='200' mask='26' value='10.0.1.21'>
			</ip4Addr>
		</ipIf>
		<ipIf name='EL0' type='0' state='UP' dmxaddr='20483' MTU='1500'>
		</ipIf>
		<ipIf name='IL0' type='0' state='UP' dmxaddr='20483' MTU='1500'>
		</ipIf>
		<ipIf name='IL1' type='0' state='UP' dmxaddr='20483' MTU='1500'>
		</ipIf>
		<ipIf name='VLAN21' type='10' state='UP' dmxaddr='20483' MTU='1500'>
			<ipIfVlan device='BOND0' vid='21' pri='0' cfi='0'>
			</ipIfVlan>
		</ipIf>
		<ipIf name='VLAN333' type='10' state='UP' dmxaddr='20483' MTU='1500'>
			<ipIfVlan device='EL0' vid='333' pri='0' cfi='0'>
			</ipIfVlan>
		</ipIf>
	</ipUnit>
	<ipUnit name='ETPA' index='1'>
		<ipIf name='BOND0' type='11' state='UP' dmxaddr='20488' MTU='1500'>
			<ipIfBond slave1='IL0' slave2='IL1' pri=' ' fmacMode='0'>
			</ipIfBond>
			<ip4Addr attr='200' mask='26' value='10.0.1.22'>
			</ip4Addr>
		</ipIf>
		<ipIf name='EL0' type='0' state='UP' dmxaddr='20488' MTU='1500'>
		</ipIf>
		<ipIf name='IL0' type='0' state='UP' dmxaddr='20488' MTU='1500'>
		</ipIf>
		<ipIf name='IL1' type='0' state='UP' dmxaddr='20488' MTU='1500'>
		</ipIf>
		<ipIf name='VLAN21' type='10' state='UP' dmxaddr='20488' MTU='1500'>
			<ipIfVlan device='BOND0' vid='21' pri='0' cfi='0'>
			</ipIfVlan>
		</ipIf>
		<ipIf name='VLAN333' type='10' state='UP' dmxaddr='20488' MTU='1500'>
			<ipIfVlan device='EL0' vid='333' pri='0' cfi='0'>
			</ipIfVlan>
		</ipIf>
	</ipUnit>
	<ipUnit name='ETPA' index='2'>
		<ipIf name='BOND0' type='11' state='UP' dmxaddr='20490' MTU='1500'>
			<ipIfBond slave1='IL0' slave2='IL1' pri=' ' fmacMode='0'>
			</ipIfBond>
			<ip4Addr attr='200' mask='26' value='10.0.1.23'>
			</ip4Addr>
		</ipIf>
		<ipIf name='EL0' type='0' state='UP' dmxaddr='20490' MTU='1500'>
		</ipIf>
		<ipIf name='IL0' type='0' state='UP' dmxaddr='20490' MTU='1500'>
		</ipIf>
		<ipIf name='IL1' type='0' state='UP' dmxaddr='20490' MTU='1500'>
		</ipIf>
		<ipIf name='VLAN21' type='10' state='UP' dmxaddr='20490' MTU='1500'>
			<ipIfVlan device='BOND0' vid='21' pri='0' cfi='0'>
			</ipIfVlan>
		</ipIf>
		<ipIf name='VLAN333' type='10' state='UP' dmxaddr='20490' MTU='1500'>
			<ipIfVlan device='EL0' vid='333' pri='0' cfi='0'>
			</ipIfVlan>
		</ipIf>
	</ipUnit>
	<ipUnit name='ETPA' index='65535'>
		<ipIf name='BOND0' type='11' state='UP' dmxaddr='20483'>
			<ip4Addr attr='297' mask='26' value='10.0.1.31'>
			</ip4Addr>
		</ipIf>
		<ipIf name='VLAN21' type='10' state='UP' dmxaddr='20483'>
			<ip4Addr attr='41' mask='26' value='10.0.1.71'>
			</ip4Addr>
		</ipIf>
		<ipIf name='VLAN333' type='10' state='UP' dmxaddr='20483'>
			<ip4Addr attr='41' mask='28' value='10.52.5.226'>
			</ip4Addr>
			<ip4Addr attr='41' mask='28' value='10.52.5.230'>
			</ip4Addr>
		</ipIf>
		<ipIf name='BOND0' type='11' state='UP' dmxaddr='20488'>
			<ip4Addr attr='297' mask='26' value='10.0.1.32'>
			</ip4Addr>
		</ipIf>
		<ipIf name='VLAN21' type='10' state='UP' dmxaddr='20488'>
			<ip4Addr attr='41' mask='26' value='10.0.1.72'>
				<ipTag tag='EEP'>
				</ipTag>
			</ip4Addr>
		</ipIf>
		<ipIf name='VLAN333' type='10' state='UP' dmxaddr='20488'>
			<ip4Addr attr='41' mask='28' value='10.52.5.231'>
			</ip4Addr>
		</ipIf>
		<ipIf name='BOND0' type='11' state='UP' dmxaddr='20490'>
			<ip4Addr attr='297' mask='26' value='10.0.1.33'>
			</ip4Addr>
		</ipIf>
		<ipIf name='VLAN21' type='10' state='UP' dmxaddr='20490'>
			<ip4Addr attr='41' mask='26' value='10.0.1.73'>
			</ip4Addr>
		</ipIf>
		<ipIf name='VLAN333' type='10' state='UP' dmxaddr='20490'>
			<ip4Addr attr='41' mask='28' value='10.52.5.232'>
			</ip4Addr>
		</ipIf>
	</ipUnit>
	<ipUnit name='ETPE-5' index='0'>
		<ipIf name='BOND0' type='11' state='UP' dmxaddr='20482' MTU='1500'>
			<ipIfBond slave1='IL0' slave2='IL1' pri=' ' fmacMode='0'>
			</ipIfBond>
			<ip4Addr attr='200' mask='26' value='10.0.1.19'>
			</ip4Addr>
		</ipIf>
		<ipIf name='EL0' type='0' state='UP' dmxaddr='20482' MTU='1500'>
		</ipIf>
		<ipIf name='IL0' type='0' state='UP' dmxaddr='20482' MTU='1500'>
		</ipIf>
		<ipIf name='IL1' type='0' state='UP' dmxaddr='20482' MTU='1500'>
		</ipIf>
		<ipIf name='IM0' type='0' state='UP' dmxaddr='20482' MTU='1500'>
			<ip4Addr attr='8' mask='26' value='10.0.4.11'>
			</ip4Addr>
		</ipIf>
		<ipIf name='IN0' type='0' state='UP' dmxaddr='20482' MTU='1500'>
			<ip4Addr attr='8' mask='26' value='10.0.3.11'>
			</ip4Addr>
		</ipIf>
		<ipIf name='VLAN21' type='10' state='UP' dmxaddr='20482' MTU='1500'>
			<ipIfVlan device='BOND0' vid='21' pri='0' cfi='0'>
			</ipIfVlan>
		</ipIf>
		<ipIf name='VLAN22' type='10' state='UP' dmxaddr='20482' MTU='1500'>
			<ipIfVlan device='BOND0' vid='22' pri='0' cfi='0'>
			</ipIfVlan>
		</ipIf>
		<ipIf name='VLAN321' type='10' state='UP' dmxaddr='20482' MTU='1500'>
			<ipIfVlan device='EL0' vid='321' pri='0' cfi='0'>
			</ipIfVlan>
		</ipIf>
	</ipUnit>
	<ipUnit name='ETPE-5' index='65535'>
		<ipIf name='BOND0' type='11' state='UP' dmxaddr='20482'>
			<ip4Addr attr='297' mask='26' value='10.0.1.30'>
			</ip4Addr>
		</ipIf>
		<ipIf name='VLAN22' type='10' state='UP' dmxaddr='20482'>
			<ip4Addr attr='41' mask='24' value='10.0.2.6'>
				<ipTag tag='PEP'>
				</ipTag>
			</ip4Addr>
		</ipIf>
		<ipIf name='VLAN321' type='10' dmxaddr='20482'>
			<ip4Addr attr='1' mask='27' value='10.52.5.201'>
			</ip4Addr>
		</ipIf>
	</ipUnit>
</ipData>
